Gender,Age,Country,Salary
1,0.12262786789699272,2,-0.29488391230979427
