Gender,Age,Country,Salary
0,1.6554762166094072,2,1.179535649239177
1,0.12262786789699272,1,0.4423258684646914
0,-1.4102204808154217,0,-1.7693034738587656
0,-0.49051147158797304,0,0.4423258684646914
